{
    "\"native_amplitude\"": {
        "[\"D1\", \"D2\"]": 0.20359999999999995
    },
    "\"native\"": "CZ",
    "\"sweetspot\"": {
        "[\"D1\", \"D2\"]": -0.4406194815756349
    }
}