{
    "\"native\"": "CZ",
    "\"thetas\"": [
        0.0,
        0.2,
        0.4,
        0.6000000000000001,
        0.8,
        1.0,
        1.2000000000000002,
        1.4000000000000001,
        1.6,
        1.8,
        2.0,
        2.2,
        2.4000000000000004,
        2.6,
        2.8000000000000003,
        3.0,
        3.2,
        3.4000000000000004,
        3.6,
        3.8000000000000003,
        4.0,
        4.2,
        4.4,
        4.6000000000000005,
        4.800000000000001,
        5.0,
        5.2,
        5.4,
        5.6000000000000005,
        5.800000000000001,
        6.0,
        6.2,
        6.4,
        6.6000000000000005,
        6.800000000000001
    ],
    "\"vphases\"": {
        "[\"D1\", \"D2\"]": {
            "\"D2\"": 0,
            "\"D1\"": 0
        }
    },
    "\"amplitudes\"": {
        "[\"D1\", \"D2\"]": 0.20359999999999995
    },
    "\"durations\"": {
        "[\"D1\", \"D2\"]": 44
    }
}