{
    "\"fitted_parameters\"": {
        "[\"D1\", \"D2\", \"I\"]": [
            0.4467032915144115,
            0.51396190789914,
            0.4680768235189101
        ],
        "[\"D1\", \"D2\", \"X\"]": [
            0.4188965792527092,
            0.5128482290300934,
            4.1131166853509535
        ],
        "[\"D2\", \"D1\", \"I\"]": [
            0.4242694274957225,
            0.4785834857996772,
            0.23355714445232478
        ],
        "[\"D2\", \"D1\", \"X\"]": [
            0.3944662800905624,
            0.5082426005275723,
            3.4712992599726653
        ]
    },
    "\"native\"": "CZ",
    "\"angle\"": {
        "[\"D1\", \"D2\"]": 3.6450398618320436,
        "[\"D2\", \"D1\"]": 3.2377421155203407
    },
    "\"virtual_phase\"": {
        "[\"D1\", \"D2\"]": {
            "\"D1\"": 0.4680768235189101,
            "\"D2\"": 0.23355714445232478
        }
    },
    "\"leakage\"": {
        "[\"D1\", \"D2\"]": {
            "\"D2\"": 0.025299944196428573,
            "\"D1\"": 0.031215122767857144
        }
    },
    "\"flux_pulse_amplitude\"": {
        "[\"D1\", \"D2\"]": 0.20359999999999995
    },
    "\"flux_pulse_duration\"": {
        "[\"D1\", \"D2\"]": 44
    }
}